1,-0.162333664786614,0,g,5.949909427795377,0,\N,"1,5",1,1100182716417,6201.999999999494,19905.000000000076,340.9046986977737,-9.301033865164452
1,-0.16233101286884233,0,g,5.949882160468197,0,\N,"1,5",0,1100182716418,6231.999999999929,19908.000000000022,340.90313639500766,-9.30088192146852
1,-0.1623337522434946,0,g,5.949847630890591,0,\N,"1,5",1,1100182716419,6269.999999999645,19904.999999999905,340.9011579959425,-9.3010388760746
1,-0.16232933441354808,0,g,5.9498003677910996,0,\N,"1,5",0,1100182716420,6321.9999999990905,19910.000000000073,340.89845001981496,-9.300785753064057
1,-0.162320423046329,0,g,5.949759459606867,0,\N,"1,5",1,1100182716421,6367.000000000127,19919.999999999785,340.89610615351086,-9.300275169332712
1,-0.16233417173145112,0,g,5.949545006846459,0,\N,"1,5",1,1100182716422,6602.999999999811,19904.999999999975,340.8838189154346,-9.301062910964065
1,-0.16233388081520803,0,g,5.949087885886652,0,\N,"1,5",1,1100182716423,7105.999999999822,19905.999999999865,340.8576278137106,-9.301046242691143
1,-0.16233302137179453,0,g,5.9490588033897405,0,\N,"1,5",0,1100182716424,7137.999999999822,19907.00000000017,340.85596150937994,-9.30099700021082
1,-0.16232167473982537,0,g,5.948811596703226,0,\N,"1,5",0,1100182716425,7410.000000000215,19919.99999999993,340.8417976095752,-9.300346886087299
1,-0.1623343366552319,0,g,5.948726186401783,0,\N,"1,5",1,1100182716426,7503.9999999991505,19906.000000000124,340.8369039597756,-9.301072360400644
1,-0.16233301514425227,0,g,5.948332674683422,0,\N,"1,5",0,1100182716427,7936.999999999829,19907.99999999999,340.81435739912456,-9.300996643398932
1,-0.16233573544166569,0,g,5.948307231554941,0,\N,"1,5",0,1100182716428,7965.000000000104,19905.000000000076,340.81289961524504,-9.30115250495974
1,-0.16232988742886947,0,g,5.949396868689311,0,\N,"1,5",1,1100182716429,6765.999999999402,19910.000000000073,340.87533122424514,-9.300817438507979
1,-0.1623295436917955,0,g,5.9482327022336055,0,\N,"1,5",1,1100182716430,8046.99999999996,19911.999999999825,340.8086293996825,-9.30079774382438
1,-0.162328334325044,0,g,5.949215108973338,0,\N,"1,5",1,1100182716431,6966.000000000342,19911.99999999986,340.8649171596344,-9.300728452213635
1,-0.1623277435468495,0,g,5.948977913819743,0,\N,"1,5",0,1100182716432,7227.000000000358,19913.000000000022,340.8513268784124,-9.300694603116462
1,-0.16232271869182904,0,g,5.9486925459762166,0,\N,"1,5",0,1100182716433,7540.999999999867,19918.999999999927,340.83497650536964,-9.300406700131123
1,-0.16232714839848977,0,g,5.950075724307031,0,\N,"1,5",1,1100182716434,6018.999999999625,19911.99999999995,340.91422678603925,-9.300660503627265
1,-0.16232588024583408,0,g,5.949032438829981,0,\N,"1,5",0,1100182716436,7166.999999999622,19915.00000000009,340.854450931377,-9.300587843832314
1,-0.16232915255940072,0,g,5.948564413841839,0,\N,"1,5",1,1100182716437,7682.000000000124,19912.0000000001,340.8276350748498,-9.300775333588927
1,-0.16232439922397107,0,g,5.948784336434371,0,\N,"1,5",0,1100182716438,7439.999999999674,19916.999999999913,340.84023571122145,-9.300502987530198
1,-0.16232434162861192,0,g,5.950155692228648,0,\N,"1,5",1,1100182716439,5931.000000000089,19914.99999999987,340.91880861044433,-9.3004996875592
1,-0.16231208067987382,0,g,5.949951199335304,0,\N,"1,5",0,1100182716440,6155.999999999885,19928.99999999995,340.9070920307153,-9.29979718694368
1,-0.16231898311097215,0,g,5.949502272345697,0,\N,"1,5",1,1100182716441,6650.000000000027,19922.000000000015,340.8813704089013,-9.300192667113993
1,-0.16232196006448235,0,g,5.948578945497342,0,\N,"1,5",0,1100182716442,7665.999999999551,19920.00000000005,340.8284676773795,-9.300363233985935
0,-0.1623106037946168,0,g,5.949117592282491,0,1.0,"1,5",0,1100182716443,7073.277439720516,19931.910948282024,340.8593298648168,-9.299712567651627
1,-0.16231882407870118,0,g,5.9481954284326255,0,\N,"1,5",0,1100182716444,8088.0000000001,19924.00000000008,340.80649376819997,-9.30018355523606
1,-0.16232103351051555,0,g,5.948603481828421,0,\N,"1,5",0,1100182716445,7638.999999999298,19921.000000000167,340.829873505595,-9.300310146354146
1,-0.16232175468901,0,g,5.949442296524627,0,\N,"1,5",0,1100182716446,6715.999999999945,19918.99999999996,340.8779340474812,-9.300351466838153
0,-0.16230737143552113,0,g,5.9498070116122115,0,0.0,"1,5",1,1100182716448,6314.653717707635,19934.478317327466,340.8988306827245,-9.299527367117575
1,-0.16231710534279448,0,g,5.949564066896217,0,\N,"1,5",1,1100182716449,6581.999999999627,19923.99999999995,340.884910975843,-9.300085078922509
1,-0.16231916271653607,0,g,5.9493686812947635,0,\N,"1,5",0,1100182716450,6796.999999998985,19922.000000000146,340.8737162055021,-9.300202957754783
1,-0.16231559264381815,0,g,5.948652549851953,0,\N,"1,5",1,1100182716451,7585.0000000001255,19927.000000000007,340.8326848962525,-9.299998407655492
0,-0.16222690593059075,0,g,5.9494434246893295,0,1.0,"1,5",0,1100182716452,6714.611285314955,20024.7543575991,340.87799868655725,-9.294917033288675
1,-0.16231817063410364,0,g,5.948744341405599,0,\N,"1,5",1,1100182716453,7483.999999999385,19924.00000000004,340.8379441648713,-9.300146115618476
1,-0.16231381463285866,0,g,5.949545552807816,0,\N,"1,5",1,1100182716454,6602.367239819119,19927.697278696833,340.8838501967161,-9.299896535131584
1,-0.16231628362513695,0,g,5.948964727844589,0,\N,"1,5",1,1100182716455,7241.492548697903,19925.796401704138,340.85057137768734,-9.300037997968781
1,-0.1623169916350709,0,g,5.948893410109864,0,\N,"1,5",1,1100182716456,7319.968957985768,19925.107460640284,340.8464851724832,-9.30007856394985
0,-0.16231132812874763,0,g,5.949723105225851,0,1.0,"1,5",0,1100182716457,6406.988905771836,19930.197297551782,340.8940232009118,-9.299754068940281
1,-0.16228986664612485,0,g,5.948881167975294,0,\N,"1,5",1,1100182716458,7333.4004153223905,19955.36875336411,340.8457837498401,-9.298524416563902
1,-0.162307094818077,0,g,5.948994244484236,0,\N,"1,5",0,1100182716459,7209.000000000302,19936.000000000073,340.85226255656454,-9.299511518105486
0,-0.16230134341240604,0,g,5.949580088969662,0,0.0,"1,5",1,1100182716461,6564.344852229195,19941.550108110067,340.88582897303047,-9.299181986834272
1,-0.16231117546598178,0,g,5.949254430969932,0,\N,"1,5",1,1100182716462,6922.705366931697,19931.074490895957,340.86717014408123,-9.299745322008109
0,-0.16229757792815314,0,g,5.948535041130204,0,0.0,"1,5",1,1100182716463,7714.2766267801,19947.24476390782,340.82595214244026,-9.298966240478759
1,-0.16230740978320266,0,g,5.949438641149571,0,\N,"1,5",1,1100182716464,6719.999999999403,19934.999999999993,340.87772460991795,-9.29952956427788
1,-0.16229849115723405,0,g,5.94940136852747,0,\N,"1,5",0,1100182716465,6760.9999999999345,19944.999999999818,340.8755890459801,-9.299018564650822
0,-0.1623080227671465,0,g,5.948269796132692,0,0.0,"1,5",1,1100182716466,8006.154971483891,19935.9477462232,340.81075472354587,-9.299564685670772
1,-0.16230603545731312,0,g,5.948395348619018,0,\N,"1,5",1,1100182716468,7868.0000000001655,19938.000000000095,340.8179483511197,-9.299450821204735
1,-0.1623022859380392,0,g,5.94924506310024,0,\N,"1,5",1,1100182716470,6932.999999999258,19941.000000000087,340.8666334046849,-9.299235989575136
0,-0.1623018620592164,0,g,5.948557379648106,0,0.0,"1,5",0,1100182716471,7689.70217091182,19942.438055064795,340.8272320452366,-9.299211703107565
1,-0.1623011356871441,0,g,5.949653688609897,0,\N,"1,5",1,1100182716472,6483.357129685319,19941.669029227556,340.8900459217896,-9.299170085053465
0,-0.16229937717488108,0,g,5.949340062998879,0,0.0,"1,5",0,1100182716473,6828.46034821572,19944.103277012702,340.87207649793106,-9.299069329722572
0,-0.16230507066039537,0,g,5.94917976982287,0,0.0,"1,5",0,1100182716474,7004.85096608081,19937.9903290268,340.862892375461,-9.29939554241326
0,-0.16230722168590794,0,g,5.949048202027825,0,1.0,"1,5",0,1100182716477,7149.627139804061,19935.781638958728,340.8553540960851,-9.299518787096755
1,-0.16230074946328366,0,g,5.948968451034276,0,\N,"1,5",1,1100182716478,7237.372918222727,19943.111601751545,340.8507847007428,-9.299147956056315
0,-0.16229000343300784,0,g,5.948737702471005,0,1.0,"1,5",0,1100182716479,7491.265124838848,19955.415291353485,340.8375637819386,-9.29853225387499
0,-0.16229731269170547,0,g,5.949294187131752,0,0.0,"1,5",1,1100182716484,6878.937743533199,19946.472962400978,340.86944800436316,-9.298951043549733
1,-0.16233380944816048,0,g,5.948419920574528,0,\N,"1,5",0,1100182716486,7841.000000000017,19906.999999999756,340.81935622046484,-9.301042153660523
0,-0.16229161366382322,0,g,5.949623650712184,0,1.0,"1,5",0,1100182716487,6516.395065905788,19952.332176207095,340.8883248770252,-9.298624513304754
1,-0.16229431064307706,0,g,5.95001603565786,0,\N,"1,5",1,1100182716490,6084.625779591612,19948.710112362627,340.91080687835694,-9.298779038833434
1,-0.1622926344165047,0,g,5.949308300339017,0,\N,"1,5",1,1100182716492,6863.400806444906,19951.668400562503,340.8702566315749,-9.29868299812533
0,-0.16228979526596687,0,g,5.949526354429939,0,0.0,"1,5",0,1100182716493,6623.454959000997,19954.50792695638,340.8827502106903,-9.298520326782109
0,-0.1622839033729469,0,g,5.949643207759213,0,1.0,"1,5",0,1100182716494,6494.862630583029,19960.89913735418,340.88944541327976,-9.298182746178723
0,-0.16228176995464633,0,g,5.949902112178388,0,1.0,"1,5",0,1100182716495,6209.96495316224,19962.87434844778,340.9042795437957,-9.298060510314164
1,-0.16228860455113686,0,g,5.950061125504915,0,\N,"1,5",1,1100182716496,6035.000000000622,19954.99999999993,340.913390336292,-9.298452103847746
0,-0.16228596215159988,0,g,5.949370884175849,0,0.0,"1,5",0,1100182716497,6794.524893664528,19959.015214202263,340.8738424212911,-9.29830070550649
0,-0.1622879696475673,0,g,5.948320603720731,0,0.0,"1,5",1,1100182716498,7950.221631881067,19958.24086147287,340.8136657839077,-9.298415726552813
0,-0.16228621985072444,0,g,5.94994123578427,0,1.0,"1,5",0,1100182716499,6166.921173001785,19957.85069167259,340.9065211612921,-9.29831547057871
0,-0.16228174222465822,0,g,5.948856603295094,0,1.0,"1,5",0,1100182716504,7360.41882922193,19964.461756981094,340.8443762973395,-9.298058921502879
0,-0.16228577183422074,0,g,5.949701804757576,0,1.0,"1,5",0,1100182716505,6430.386552320266,19958.725513946505,340.8928027739781,-9.298289801123897
0,-0.1622814967974642,0,g,5.948507606028956,0,1.0,"1,5",0,1100182716506,7744.442897068715,19965.211704170506,340.8243802269282,-9.298044859560484
1,-0.16228196649887647,0,g,5.948269905307518,0,\N,"1,5",1,1100182716507,8005.99999999958,19965.000000000087,340.8107609788026,-9.298071771469038
0,-0.16227824838267216,0,g,5.949566256789018,0,1.0,"1,5",0,1100182716508,6579.529069786111,19967.32208370098,340.8850364474581,-9.297858739102791
1,-0.1622786032721756,0,g,5.95015471345323,0,\N,"1,5",1,1100182716509,5931.999999999052,19966.000000000175,340.9187525307438,-9.297879072773533
0,-0.16227387593380804,0,g,5.948431075226788,0,1.0,"1,5",0,1100182716510,7828.644045857693,19973.810428129204,340.8199953349612,-9.29760821623674
0,-0.16224570568461474,0,g,5.949218122797731,0,1.0,"1,5",0,1100182716511,6962.558783323091,20004.126086598393,340.8650898390523,-9.295994179850133
0,-0.1622392800145265,0,g,5.949939877439266,0,1.0,"1,5",0,1100182716512,6168.338682117812,20010.190828756582,340.90644333385626,-9.295626016073534
0,-0.1622729596948154,0,g,5.9491199784736795,0,1.0,"1,5",0,1100182716513,7070.595527731171,19973.880440337613,340.859466583501,-9.297555719609438
1,-0.16227267425326022,0,g,5.9500197094365825,0,\N,"1,5",1,1100182716514,6080.547303553041,19972.82884148508,340.9110173703726,-9.297539365013028
1,-0.16227350691467224,0,g,5.9486758278369996,0,\N,"1,5",1,1100182716517,7559.326451194009,19973.89346549219,340.8340186265512,-9.2975870729977
1,-0.16225648758415376,0,g,5.948579771339364,0,\N,"1,5",0,1100182716518,7665.000000000729,19992.99999999979,340.82851499464186,-9.296611937188853
0,-0.16226823908110366,0,g,5.948824928168544,0,1.0,"1,5",0,1100182716519,7395.2536795001015,19979.56176802675,340.84256144627267,-9.297285248367043
1,-0.16226708784985464,0,g,5.950055640309485,0,\N,"1,5",1,1100182716522,6041.000000000395,19978.999999999825,340.91307605774415,-9.297219287675231
0,-0.1622491240111933,0,g,5.948261433995593,0,1.0,"1,5",0,1100182716523,8015.277616378651,20001.629879434895,340.81027560838237,-9.296190035536082
0,-0.162264433284637,0,g,5.949273499827091,0,1.0,"1,5",0,1100182716524,6901.651443127543,19983.163790431645,340.8682627091166,-9.297067192291818
0,-0.16226207547897661,0,g,5.949683123519441,0,1.0,"1,5",0,1100182716525,6450.905196833304,19985.17577483135,340.8917324178768,-9.296932099978566
0,-0.16226717988460845,0,g,5.949155062414647,0,1.0,"1,5",0,1100182716526,7031.981390693341,19980.274175557468,340.8614767452471,-9.297224560878194
0,-0.16226331765315377,0,g,5.949404790129569,0,1.0,"1,5",0,1100182716527,6757.180577282048,19984.21321735083,340.8757850893396,-9.297003271316337
1,-0.16226648160398696,0,g,5.949191395758355,0,\N,"1,5",1,1100182716528,6991.999999999867,19981.000000000084,340.8635584924972,-9.297184552345666
1,-0.1622591154070999,0,g,5.949986561997209,0,\N,"1,5",0,1100182716530,6116.9999999994725,19988.000000000102,340.9091181619948,-9.296762500352974
0,-0.16226505431664107,0,g,5.949544853928885,0,1.0,"1,5",0,1100182716531,6603.05962492453,19982.065968843228,340.88381015390297,-9.297102774804593
0,-0.16226269093053244,0,g,5.949898111939187,0,0.0,"1,5",1,1100182716533,6214.335532128387,19984.15380226273,340.90405034697244,-9.29696736275521
0,-0.1622695537581075,0,g,5.9493322890335225,0,1.0,"1,5",0,1100182716534,6836.968898548181,19977.367770721008,340.87163108252605,-9.297360573810787
0,-0.16226428241538332,0,g,5.948878446027157,0,0.0,"1,5",1,1100182716535,7336.358481302834,19983.89877125158,340.8456277936998,-9.297058548120324
0,-0.16226161422036045,0,g,5.949308287807803,0,1.0,"1,5",0,1100182716536,6863.367187833432,19986.25579687497,340.8702559135892,-9.296905671806595
0,-0.16225480882459414,0,g,5.949175938232793,0,1.0,"1,5",0,1100182716540,7008.991539643821,19994.037556439867,340.86267284152075,-9.29651575135127
1,-0.16226107775313012,0,g,5.948491624710002,0,\N,"1,5",1,1100182716541,7761.999999999924,19987.99999999992,340.8234645648011,-9.296874934498451
0,-0.16225482655817067,0,g,5.9490696725511105,0,1.0,"1,5",0,1100182716542,7125.923919103552,19994.17111340227,340.8565842664533,-9.29651676741036
0,-0.1622509680075915,0,g,5.949752300619121,0,1.0,"1,5",0,1100182716545,6374.765758300529,19997.45346522781,340.89569597372747,-9.296295688747136
0,-0.1622523562933017,0,g,5.949587289060877,0,1.0,"1,5",0,1100182716546,6556.344655573037,19996.15966340457,340.88624150786916,-9.29637523165909
0,-0.16224543802797636,0,g,5.948934270056289,0,1.0,"1,5",0,1100182716547,7274.903781792327,20004.831716271463,340.84882627496444,-9.295978844254396
1,-0.16225233937561667,0,g,5.948207607443756,0,\N,"1,5",1,1100182716549,8074.510680503381,19998.11395451414,340.80719157413637,-9.296374262347138
0,-0.1622497737069923,0,g,5.949726390632688,0,0.0,"1,5",1,1100182716550,6403.274906973929,19998.825334028767,340.8942114408576,-9.296227260363333
0,-0.1622471700864901,0,g,5.948703876006899,0,1.0,"1,5",0,1100182716552,7528.425858846087,20003.22046252963,340.8356256683095,-9.296078083897102
0,-0.1622445864198568,0,g,5.949790980459432,0,1.0,"1,5",0,1100182716554,6332.192541820643,20004.508664721438,340.8979121653295,-9.295930050703346
1,-0.16224588598324022,0,g,5.949878941082729,1,\N,"1,5",1,1100182716556,6235.403496703888,20002.92160476673,340.90295193780776,-9.296004510200426
0,-0.1622438706451094,0,g,5.949559123629097,0,1.0,"1,5",0,1100182716557,6587.324135765477,20005.664037780934,340.8846277475,-9.295889039831238
0,-0.16224522171287575,0,g,5.949510503545469,0,1.0,"1,5",0,1100182716558,6640.827141577272,20004.23131051462,340.8818420219086,-9.295966450312086
0,-0.1622512658695084,0,g,5.949101426700502,0,1.0,"1,5",0,1100182716559,7090.97708540068,19998.095651935713,340.85840364519544,-9.296312754977851
0,-0.16223369513504762,0,g,5.949045100494906,0,1.0,"1,5",0,1100182716560,7152.9311555783715,20017.767680825928,340.8551763913388,-9.295306026050305
1,-0.16224774241652712,0,g,5.948842062032787,1,\N,"1,5",1,1100182716561,7376.370523093889,20002.391534713228,340.84354314438053,-9.296110875992712
0,-0.16223042002082003,0,g,5.9483467889696024,0,1.0,"1,5",0,1100182716562,7921.330707426093,20022.373869504892,340.81516608815355,-9.29511837582764
1,-0.16224550414856231,0,g,5.950096501988166,1,\N,"1,5",1,1100182716563,5995.999999999591,20003.000000000164,340.9154172594763,-9.29598263268491
1,-0.16224729609111344,0,g,5.94875687647742,1,\N,"1,5",1,1100182716564,7470.105792945087,20003.007195460832,340.83866237158253,-9.29608530343022
0,-0.1622407363708368,0,g,5.949363595316028,1,1.0,"1,5",0,1100182716566,6802.475801131548,20009.45261708951,340.8734248003859,-9.29570945914358
1,-0.16225114360926995,0,g,5.948548865837479,0,\N,"1,5",1,1100182716567,7698.99999999902,19999.000000000065,340.82674423982013,-9.296305749982187
0,-0.16222794917180405,0,g,5.948311032396242,0,1.0,"1,5",0,1100182716568,7960.6728071273,20025.17537519832,340.81311738741016,-9.294976806607211
1,-0.1622394144035475,0,g,5.94931404331059,1,\N,"1,5",1,1100182716569,6856.999999999538,20011.000000000036,340.87058567960787,-9.29563371599725
0,-0.16224102996363587,0,g,5.9486284826552325,1,1.0,"1,5",0,1100182716570,7611.377914901506,20010.169297676723,340.83130594745563,-9.295726280771863
0,-0.16223584516250114,0,g,5.948775478850383,0,1.0,"1,5",0,1100182716571,7449.619870862518,20015.749219698926,340.8397282090422,-9.295429213549228
1,-0.16223426022219772,0,g,5.949668080722549,1,\N,"1,5",1,1100182716574,6467.413725749391,20016.2129403155,340.8908705291028,-9.295338403159063
1,-0.16223198131899616,0,g,5.950144645738597,1,\N,"1,5",1,1100182716575,5942.999999999849,20017.99999999997,340.91817569318596,-9.295207831623694
1,-0.1622293922971746,0,g,5.95007466722707,0,\N,"1,5",1,1100182716577,6020.000000000182,20020.999999999898,340.91416621981887,-9.29505949160025
1,-0.1622333237036582,0,g,5.949171357304317,1,\N,"1,5",0,1100182716579,7013.999999999287,20018.0000000001,340.86241037365284,-9.295284744599313
0,-0.1622271934924108,0,g,5.948973039824872,0,1.0,"1,5",0,1100182716580,7232.215692760323,20025.11947235396,340.85104761907695,-9.294933509367313
0,-0.162228010687791,0,g,5.948456837410165,1,0.0,"1,5",1,1100182716581,7800.2333936506475,20024.91558720515,340.8214713993398,-9.294980331213635
0,-0.16222449642384706,0,g,5.949067946176355,0,1.0,"1,5",0,1100182716582,7127.77857016829,20027.991495956394,340.85648535246594,-9.294778978721553
0,-0.16220244828670433,0,g,5.949191765036029,0,1.0,"1,5",0,1100182716583,6991.497168088685,20052.396277539916,340.86357965054935,-9.293515713517149
1,-0.16222452497257672,0,g,5.949233269402219,1,\N,"1,5",1,1100182716584,6945.8596723771625,20027.72034682953,340.86595767556344,-9.294780614443273
1,-0.16222291985098902,0,g,5.9488841671648585,1,\N,"1,5",1,1100182716585,7330.003119826981,20030.00969417256,340.8459555907441,-9.294688647750693
0,-0.16221979679123813,0,g,5.9498292232821175,0,1.0,"1,5",0,1100182716586,6290.070199801454,20032.089264312803,340.90010331766604,-9.2945097096078
0,-0.1622219885420802,0,g,5.948277787495527,0,1.0,"1,5",0,1100182716588,7997.246481485293,20031.864468267595,340.81121259490885,-9.294635287680794
0,-0.16222314230083418,0,g,5.949025262860665,1,0.0,"1,5",0,1100182716589,7174.744509255668,20029.56233240872,340.85403977862126,-9.294701393187973
1,-0.16222211518929272,0,g,5.949854384065645,1,\N,"1,5",1,1100182716590,6262.387132672249,20029.464736317044,340.9015449243714,-9.294642544031559
0,-0.1622205022815229,0,g,5.948609641805306,1,1.0,"1,5",0,1100182716591,7632.081118203427,20033.082953173827,340.83022644627243,-9.294550131223604
0,-0.162214917132184,0,g,5.9492815437701525,0,1.0,"1,5",0,1100182716593,6892.724631881378,20038.36225033379,340.8687235931047,-9.294230125738535
0,-0.16221957317554497,0,g,5.948843168575261,1,1.0,"1,5",0,1100182716594,7375.112273958581,20033.798467235654,340.8436065445942,-9.294496897372348
0,-0.162209486650498,0,g,5.949993129524677,0,1.0,"1,5",0,1100182716595,6109.691039827365,20043.325676564084,340.9094944536006,-9.293918982057203
1,-0.16221589712912607,0,g,5.949766811224346,1,\N,"1,5",1,1100182716597,6358.741882897235,20036.534913210224,340.896527370165,-9.29428627542725
0,-0.1622137916477201,0,g,5.9495642576963155,1,1.0,"1,5",0,1100182716598,6581.627287649953,20039.194255447244,340.8849219078834,-9.294165640228846
0,-0.16221546733541622,0,g,5.948592778373932,0,1.0,"1,5",0,1100182716599,7650.630185609238,20038.719631153486,340.8292602428266,-9.294261650061616
0,-0.16222068132519693,0,g,5.949901091131381,0,1.0,"1,5",0,1100182716600,6210.988471976871,20030.989849082373,340.90422104211154,-9.294560389670474
0,-0.16221467961406397,0,g,5.949164873507836,0,1.0,"1,5",1,1100182716601,7021.106652500162,20038.79746637427,340.86203887947926,-9.2942165169527
0,-0.16221416682467515,0,g,5.949036863566356,1,1.0,"1,5",0,1100182716602,7161.966036980286,20039.55338453617,340.85470445009673,-9.294187136284942
0,-0.16221262945448986,0,g,5.948524714244442,1,1.0,"1,5",0,1100182716603,7725.522344205836,20041.975200942226,340.8253604554706,-9.294099051461775
0,-0.1622095574013587,0,g,5.948212166493173,0,0.0,"1,5",0,1100182716604,8069.43732064965,20045.80945527941,340.80745278842653,-9.29392303578292
1,-0.16221053596862903,0,g,5.948917789668272,1,\N,"1,5",1,1100182716605,7292.98757035153,20043.77045263763,340.8478820182863,-9.293979103557477
0,-0.16220699345142323,0,g,5.949338280764438,0,1.0,"1,5",0,1100182716606,6830.279772201944,20047.113391970568,340.8719743834195,-9.293776132272733
0,-0.16220738192510817,0,g,5.94936928021711,1,1.0,"1,5",0,1100182716607,6796.168876149144,20046.634256472105,340.8737505212248,-9.293798390175333
0,-0.16220360315666044,0,g,5.948945527857587,0,0.0,"1,5",0,1100182716609,7262.45482556233,20051.46141851779,340.84947129946545,-9.29358188269152
1,-0.1622061515118306,0,g,5.948671494197968,1,\N,"1,5",1,1100182716610,7564.000000000668,20048.99999999987,340.8337703273247,-9.293727892687471
1,-0.16220437756105285,0,g,5.949110462445303,1,\N,"1,5",1,1100182716611,7080.964401838679,20050.36283089391,340.85892135523727,-9.293626252794843
0,-0.16220043679237284,0,g,5.948583215915275,0,1.0,"1,5",0,1100182716612,7661.131518635018,20055.491420816266,340.8287123543038,-9.29340046338144
0,-0.16219626562263997,0,g,5.949889592017762,1,0.0,"1,5",0,1100182716613,6223.602141442148,20058.23155635311,340.903562191433,-9.293161472960113
0,-0.16219046916794147,0,g,5.949253738589742,0,1.0,"1,5",0,1100182716615,6923.283979584092,20065.6624485351,340.86713047361854,-9.292829360569751
1,-0.16219444375343306,0,g,5.950054621579992,1,\N,"1,5",1,1100182716616,6042.000000000016,20059.999999999844,340.9130176888437,-9.293057087543733
0,-0.16219044550748563,0,g,5.949632737633362,1,0.0,"1,5",0,1100182716617,6506.235347407839,20065.12060272725,340.8888455192575,-9.29282800492549
0,-0.16219539517082113,0,g,5.948892700001545,1,0.0,"1,5",1,1100182716618,7320.573803302195,20060.687550688875,340.84644448627347,-9.293111599744625
0,-0.16219499731697365,0,g,5.9487398470151245,1,0.0,"1,5",0,1100182716619,7488.770090314021,20061.34329999428,340.83768665526566,-9.293088804398302
0,-0.16219316769683434,0,g,5.949091016825269,1,1.0,"1,5",0,1100182716620,7102.345412084262,20062.889737838,340.8578072032793,-9.292983974886207
0,-0.16217594994098194,0,g,5.949895015070669,0,1.0,"1,5",0,1100182716621,6217.601360758819,20080.875008425995,340.90387290947666,-9.291997470143178
0,-0.16222877018264012,0,g,5.949725641298165,0,0.0,"1,5",0,1100182716622,6404.065753388908,20022.245414937992,340.89416850715196,-9.295023847063051
0,-0.1621879858576502,0,g,5.949037364374167,1,1.0,"1,5",0,1100182716623,7161.376250204414,20068.74428392933,340.85473314427065,-9.29268707737084
1,-0.162187361606379,0,g,5.948635119089864,0,\N,"1,5",0,1100182716624,7603.9999999997035,20069.999999999975,340.83168618715104,-9.292651310407644
1,-0.16218855267107166,0,g,5.948838672950883,0,\N,"1,5",1,1100182716627,7380.0144388234,20068.39234311053,340.843348964291,-9.292719553387661
0,-0.16218746742370083,0,g,5.948299705651289,0,1.0,"1,5",0,1100182716628,7973.08205497006,20070.326721904123,340.8124684127287,-9.292657373293585
0,-0.16218477932992617,0,g,5.948256824767106,0,0.0,"1,5",0,1100182716629,8020.263565192677,20073.379325256086,340.81001151904326,-9.292503356865362
0,-0.16218328527132847,0,g,5.949828422984763,0,1.0,"1,5",0,1100182716630,6290.891548096577,20072.80089198017,340.9000574640053,-9.292417753613368
0,-0.1621839983166619,0,g,5.948402198746184,0,1.0,"1,5",0,1100182716632,7860.296269521904,20074.060967863916,340.8183408344954,-9.292458608101574
1,-0.16218368319549936,0,g,5.948355482200766,1,\N,"1,5",1,1100182716633,7911.701713576919,20074.473526769223,340.81566417360955,-9.292440552988927
1,-0.16218396509768962,0,g,5.949530449935852,1,\N,"1,5",1,1100182716634,6618.782287317392,20072.50212098158,340.88298486589406,-9.292456704794663
1,-0.16218381494135087,0,g,5.949309422209531,1,\N,"1,5",1,1100182716635,6861.999999998248,20073.000000000102,340.8703209100205,-9.292448101470185
1,-0.162183933878689,0,g,5.948592187252952,0,\N,"1,5",1,1100182716637,7651.236605749653,20073.879919485007,340.8292263740893,-9.292454916077688
1,-0.16218343835481208,0,g,5.948462824288653,1,\N,"1,5",1,1100182716638,7793.584421837115,20074.605316663816,340.82181442220957,-9.292426524650892
1,-0.16218171180247257,0,g,5.950000075243407,1,\N,"1,5",1,1100182716640,6102.0019752586995,20074.283601712938,340.9098924139695,-9.29232760048873
1,-0.16217923975584492,0,g,5.948881581236939,1,\N,"1,5",1,1100182716642,7332.785296758917,20078.7162896907,340.8458074279882,-9.292185962650205
0,-0.16217660271288487,0,g,5.949607199059017,0,1.0,"1,5",0,1100182716643,6534.31602665516,20080.59439486968,340.8873822667327,-9.292034871218199
1,-0.16217443484158395,0,g,5.949133429734074,1,\N,"1,5",1,1100182716644,7055.646706654063,20083.715677022246,340.8602372839507,-9.29191066134213
0,-0.16217245362621321,0,g,5.949363802028587,1,1.0,"1,5",0,1100182716645,6802.143284679931,20085.587332222352,340.87343664414306,-9.29179714606308
0,-0.16217411532624476,0,g,5.94823500959687,0,1.0,"1,5",0,1100182716646,8044.254265438668,20085.297620017256,340.8087616018594,-9.291892354461705
0,-0.16217160842064898,0,g,5.94919998486889,1,1.0,"1,5",0,1100182716647,6982.405643125887,20086.770618074457,340.8640506122806,-9.291748719351428
1,-0.16216559941469097,0,g,5.950154540508488,1,\N,"1,5",1,1100182716649,5931.999999998214,20092.000000000102,340.91874262174,-9.291404428670965
1,-0.16216939438565475,0,g,5.948659633021597,1,\N,"1,5",0,1100182716651,7576.999999999434,20089.999999999953,340.83309073197864,-9.291621864490565
1,-0.16215498992549257,0,g,5.9500491093589964,0,\N,"1,5",1,1100182716652,6047.999999998954,20104.000000000036,340.91270186184494,-9.290796549717108
0,-0.16215354654605998,0,g,5.949304002789133,0,1.0,"1,5",0,1100182716653,6867.9172609407215,20106.75714212894,340.87001040010426,-9.290713850167384
1,-0.16217064001020673,0,g,5.949566425220011,1,\N,"1,5",1,1100182716654,6579.174161753566,20087.30496673982,340.88504609784314,-9.29169323352025
0,-0.16216532535001274,0,g,5.949781060035166,0,1.0,"1,5",0,1100182716655,6342.9808565982075,20092.90026425943,340.89734376688807,-9.291388725921589
0,-0.16217746657258317,0,g,5.948898515394254,0,1.0,"1,5",0,1100182716656,7314.148587879054,20080.669653400386,340.84677768373194,-9.292084366733004
1,-0.16216703708933952,0,g,5.948440438918452,0,\N,"1,5",1,1100182716658,7818.194378591971,20092.922164560667,340.8205318349743,-9.29148680136064
0,-0.16216611922687743,0,g,5.949028612624382,0,1.0,"1,5",0,1100182716659,7170.974279416092,20093.137926028005,340.8542317059446,-9.291434211715389
0,-0.16216520580176919,0,g,5.949341636460808,1,0.0,"1,5",1,1100182716660,6826.523077671141,20093.701504428565,340.8721666506588,-9.291381876311785
0,-0.16214055241167766,0,g,5.948693004672154,0,1.0,"1,5",0,1100182716661,7540.237502301568,20122.113069054245,340.8350027867109,-9.28996934110885
0,-0.1621626933050321,0,g,5.949509070394205,1,1.0,"1,5",0,1100182716662,6642.274983801177,20096.252472399054,340.88175990838977,-9.29123792085271
0,-0.16215883015635782,0,g,5.949546439684617,0,1.0,"1,5",0,1100182716663,6601.147688637351,20100.503298328404,340.8839010110138,-9.291016578738041
0,-0.16215474477470046,0,g,5.94850363818439,0,1.0,"1,5",0,1100182716666,7748.634026107877,20106.544134240678,340.82415288618085,-9.290782503611375
0,-0.16215139631290112,0,g,5.948534977323797,0,1.0,"1,5",0,1100182716670,7714.144240096719,20110.235803861935,340.82594848660244,-9.290590650882413
0,-0.16214590241888158,0,g,5.948329871778674,0,1.0,"1,5",0,1100182716671,7939.831917214205,20116.632037667754,340.81419680451216,-9.290275873942
0,-0.1621511890678205,0,g,5.949114258671774,1,1.0,"1,5",0,1100182716672,7076.707698252518,20109.662243715196,340.85913886299215,-9.290578776613968
0,-0.16214772012801218,0,g,5.949883950614843,1,1.0,"1,5",0,1100182716673,6229.730615845574,20112.368760083133,340.9032389628552,-9.290380021003566
1,-0.1621498987873301,0,g,5.949845541455121,1,\N,"1,5",1,1100182716675,6271.999999999523,20109.99999999994,340.9010382801085,-9.29050484898748
1,-0.16215116873786076,0,g,5.949576551932599,1,\N,"1,5",1,1100182716676,6567.999999998816,20108.99999999985,340.8856263157348,-9.290577611793077
0,-0.16215114170334902,0,g,5.948729819946299,1,1.0,"1,5",0,1100182716677,7499.741341765724,20110.255703779418,340.837112146541,-9.290576062829654
0,-0.1621421943502005,0,g,5.949142145618137,1,1.0,"1,5",0,1100182716678,7046.007527191599,20119.651069756485,340.86073666732227,-9.29006341725643
0,-0.16215024023138455,0,g,5.948467942046994,1,1.0,"1,5",0,1100182716679,7787.907343978037,20111.614087633137,340.8221076481631,-9.29052441229074
0,-0.16214553344511523,0,g,5.949986895160251,0,1.0,"1,5",0,1100182716680,6116.445614921142,20114.643611466618,340.909137250831,-9.290254733302438
0,-0.16213843513494725,0,g,5.949467772962855,1,1.0,"1,5",0,1100182716681,6687.680922859414,20123.362518895316,340.87939373986865,-9.289848030088137
1,-0.16213164413737982,0,g,5.950068157716473,0,\N,"1,5",1,1100182716682,6026.999999999078,20129.999999999898,340.913793252335,-9.28945893458884
0,-0.1621401341084616,0,g,5.94978912277318,1,1.0,"1,5",0,1100182716683,6334.067844601379,20120.97594252178,340.8978057277476,-9.289945374100014
0,-0.16214315948740424,0,g,5.949749317973711,1,1.0,"1,5",0,1100182716684,6377.874314236824,20117.66460951485,340.8955250807337,-9.290118715544855
0,-0.16214160470084643,0,g,5.9484339314572,1,1.0,"1,5",0,1100182716686,7825.320299340491,20121.287594807247,340.8201589849092,-9.290029632837049
0,-0.1621355124651386,0,g,5.9486346437039765,0,0.0,"1,5",1,1100182716687,7604.450295598268,20127.811956298734,340.83165894954607,-9.289680573443192
1,-0.16214120432645243,0,g,5.949813491400921,1,\N,"1,5",1,1100182716688,6307.254082981373,20119.744573488606,340.89920194726966,-9.290006693074048
1,-0.1621414585821519,0,g,5.949766111540419,0,\N,"1,5",1,1100182716689,6359.391775189344,20119.535010500495,340.89648728122904,-9.290021260852544
0,-0.16211247542032245,0,g,5.948250374159245,0,1.0,"1,5",0,1100182716690,8027.265240659176,20154.005611073062,340.8096419264375,-9.288360648002772
0,-0.16210454058931906,0,g,5.949522410036668,0,1.0,"1,5",0,1100182716691,6627.504858438744,20161.07249620095,340.88252421360306,-9.287906015675128
0,-0.16214278946675856,0,g,5.948809383203039,1,1.0,"1,5",0,1100182716692,7412.178688827707,20119.45864540732,340.84167078535654,-9.290097514923525
0,-0.16213664947661394,0,g,5.948986720930637,0,1.0,"1,5",0,1100182716694,7217.028260104766,20126.056068596954,340.85183148869635,-9.289745719401987
1,-0.16213243825735954,0,g,5.9501390410920205,1,\N,"1,5",1,1100182716695,5948.999999999796,20129.000000000022,340.9178545705915,-9.289504434312105
1,-0.16213742368998696,0,g,5.948905348789087,1,\N,"1,5",1,1100182716696,7306.57097636019,20125.30759934875,340.84716920841566,-9.289790078560703
0,-0.16213160243812025,0,g,5.9485562482497825,0,1.0,"1,5",1,1100182716697,7690.7104819547,20132.277290083264,340.8271672208877,-9.289456545397258
0,-0.1621299514643519,0,g,5.949341768460519,1,1.0,"1,5",0,1100182716700,6826.323729557596,20133.00978244043,340.8721742136851,-9.289361951568246
0,-0.16211937288051806,0,g,5.949937337596722,0,1.0,"1,5",0,1100182716701,6170.9363740134395,20143.89155221772,340.9062978115979,-9.28875584336134
1,-0.16212922865229573,0,g,5.949858028004883,0,\N,"1,5",1,1100182716702,6258.22599698587,20133.02760992504,340.90175370671056,-9.289320537488045
0,-0.1621283418524126,0,g,5.9494259079365746,1,0.0,"1,5",1,1100182716703,6733.733741286998,20134.67928029749,340.8769950505536,-9.28926972759747
0,-0.16213041075019924,0,g,5.948960834109925,1,1.0,"1,5",0,1100182716704,7245.504894251766,20133.04884918596,340.85034828312456,-9.289388266708887
1,-0.16213108157033915,0,g,5.948449658542101,1,\N,"1,5",1,1100182716705,7807.999999999378,20133.00000000003,340.82106008049806,-9.289426701871717
1,-0.1621311292952103,0,g,5.948364549191831,1,\N,"1,5",1,1100182716706,7901.653408997652,20133.058679751368,340.8161836739305,-9.289429436305412
0,-0.16212345543604098,0,g,5.949087245680201,0,1.0,"1,5",0,1100182716707,7106.391432059689,20140.623942639646,340.857591132583,-9.288989756562431
0,-0.16212647257120608,0,g,5.948668874087441,0,1.0,"1,5",0,1100182716709,7566.770721036513,20137.8448677283,340.8336202060497,-9.289162625673612
0,-0.1621233256293827,0,g,5.949881789377554,0,0.0,"1,5",0,1100182716710,6232.0690073107035,20139.572078464,340.90311513308006,-9.28898231918876
0,-0.16212383304663344,0,g,5.949657275718178,1,1.0,"1,5",0,1100182716711,6479.127593817231,20139.35579740281,340.89025144795477,-9.289011392055679
1,-0.16212554052476766,0,g,5.948583240500077,1,\N,"1,5",0,1100182716714,7661.0000000000455,20139.000000000036,340.82871376290916,-9.289109223346381
0,-0.1621165645861776,0,g,5.948391028661481,0,0.0,"1,5",0,1100182716715,7872.4959196644795,20149.263497294778,340.81770083578516,-9.288594939948002
1,-0.16212077296637423,0,g,5.949163726196791,1,\N,"1,5",1,1100182716716,7022.2281200114085,20143.50458076551,340.8619731433986,-9.288836062371855
0,-0.1621183659544317,0,g,5.948829923630621,1,1.0,"1,5",0,1100182716717,7389.540972761708,20146.66216874563,340.8428476651664,-9.28869815074631
1,-0.16212038726019085,0,g,5.949118495054896,1,\N,"1,5",1,1100182716718,7071.9999999996235,20143.99999999995,340.85938158986545,-9.288813963035414
1,-0.16212093562050917,0,g,5.948884183005858,0,\N,"1,5",1,1100182716720,7329.837790184298,20143.721343205645,340.8459564983665,-9.288845381767308
0,-0.16211676461430702,0,g,5.949812294498896,0,1.0,"1,5",0,1100182716721,6308.531548232526,20146.996754773474,340.89913336983517,-9.2886064007156
0,-0.16211970832585432,0,g,5.948716517952364,1,1.0,"1,5",0,1100182716723,7514.334105208169,20145.321892930497,340.83634999842945,-9.288775062963365
0,-0.16211846496036428,0,g,5.949718553942294,1,1.0,"1,5",0,1100182716724,6411.687720230184,20145.24671526243,340.89376243157267,-9.288703823368394
0,-0.1621181113062911,0,g,5.9491443446877055,1,1.0,"1,5",0,1100182716725,7043.55159551026,20146.500369964495,340.8608626647274,-9.288683560482594
0,-0.16211638031913625,0,g,5.948288145431333,1,1.0,"1,5",0,1100182716726,7985.707355629576,20149.602966980125,340.81180606091505,-9.28858438222423
1,-0.16211782502724648,0,g,5.949692824232497,1,\N,"1,5",1,1100182716727,6440.000000000193,20146.00000000006,340.8922882277932,-9.288667157901573
0,-0.1621071725666014,0,g,5.948751399755646,0,1.0,"1,5",0,1100182716728,7475.932444135713,20159.251284250917,340.83834857853935,-9.288056816865181
1,-0.1621145236341101,0,g,5.949972683350349,1,\N,"1,5",1,1100182716729,6132.033290268309,20149.24229139009,340.90832297410435,-9.288478002008347
0,-0.1621163912912132,0,g,5.949184108947685,0,1.0,"1,5",0,1100182716730,6999.792284716927,20148.360557852142,340.8631409889997,-9.28858501087793
1,-0.16211194736722503,0,g,5.95004450052828,1,\N,"1,5",1,1100182716732,6052.999999999667,20152.000000000047,340.9124377952964,-9.288330392788932
1,-0.16211106964526775,0,g,5.9497292718909005,1,\N,"1,5",1,1100182716733,6399.881673065172,20153.475899013305,340.89437652479285,-9.288280103025194
0,-0.1621127785439725,0,g,5.949216884245069,1,0.0,"1,5",1,1100182716734,6963.720749094906,20152.341051902316,340.86501887521206,-9.28837801570859
0,-0.162110180802476,0,g,5.9494514728766585,0,1.0,"1,5",0,1100182716735,6705.57368899145,20154.8905205149,340.8784598137239,-9.288229176084576
0,-0.16210595489977028,0,g,5.948554427047044,0,1.0,"1,5",0,1100182716737,7692.678879055253,20160.87649244438,340.82706287365716,-9.287987049694905
1,-0.16208956254327192,0,g,5.950019021951449,0,\N,"1,5",1,1100182716738,6081.000000000107,20176.99999999989,340.91097798037595,-9.287047836851276
1,-0.1621084568464387,0,g,5.949171531188207,1,\N,"1,5",1,1100182716740,7013.620972888986,20157.225685287416,340.86242033646585,-9.288130400679572
0,-0.16210151602852474,0,g,5.949850529650243,1,1.0,"1,5",0,1100182716744,6266.432169361346,20163.93901768638,340.9013240826364,-9.287732721106734
0,-0.1621044605269588,0,g,5.948304734599597,0,1.0,"1,5",0,1100182716747,7967.436795682311,20162.871917187804,340.81275655024217,-9.287901428439788
0,-0.16210191085630854,0,g,5.949381293605147,1,1.0,"1,5",0,1100182716748,6782.786850635983,20164.216323488316,340.874438837657,-9.28775534307238
0,-0.16210370446946268,0,g,5.949344174453525,1,1.0,"1,5",0,1100182716749,6823.635878476212,20162.27154195528,340.87231206692996,-9.287858109536192
0,-0.16210314424476716,0,g,5.949279981676884,1,0.0,"1,5",0,1100182716750,6894.2733014578735,20162.990888719763,340.8686340917532,-9.287826011025558
1,-0.16210197756138459,0,g,5.949788848140775,1,\N,"1,5",1,1100182716751,6334.308363238426,20163.52096153904,340.8977899924699,-9.287759164991709
0,-0.16209815017647758,0,g,5.948348984612809,0,1.0,"1,5",0,1100182716752,7918.735901878674,20169.85035318447,340.81529188924264,-9.287539871989965
0,-0.16210133588403586,0,g,5.948479392117869,1,0.0,"1,5",0,1100182716753,7775.240569509006,20166.126745064787,340.8227636888994,-9.287722399587818
1,-0.1620987111313052,0,g,5.9496270782722105,1,\N,"1,5",1,1100182716754,6512.317318398878,20167.413048187947,340.88852126174874,-9.287572012334087
0,-0.16209745843079737,0,g,5.949079399356793,1,1.0,"1,5",0,1100182716755,7114.986897935836,20169.621726823745,340.85714157136704,-9.287500237881993
0,-0.16209666240475903,0,g,5.948799989507492,1,1.0,"1,5",0,1100182716757,7422.449263430208,20170.902984111766,340.8411325662477,-9.287454628949614
1,-0.16209670990343575,0,g,5.948870911568937,1,\N,"1,5",1,1100182716760,7344.406578141101,20170.75140635949,340.84519610104286,-9.287457350423322
0,-0.16209549232942697,0,g,5.948273424149384,0,1.0,"1,5",0,1100182716761,8001.878551487114,20172.911854085738,340.8109625935903,-9.287387588571374
0,-0.1620918001764486,0,g,5.948942817390667,1,0.0,"1,5",1,1100182716762,7265.274034789967,20176.124824573253,340.8493160011504,-9.287176043788397
1,-0.16208890282693916,0,g,5.9500424330357475,1,\N,"1,5",1,1100182716763,6055.236777742974,20177.69806456794,340.9123193367001,-9.287010037889733
0,-0.1620947920362149,0,g,5.949637546490179,0,1.0,"1,5",0,1100182716764,6500.791705861911,20171.76680089485,340.8891210464574,-9.287347464725901
1,-0.16209144535659162,0,g,5.949303841396329,1,\N,"1,5",1,1100182716766,6867.999999999729,20176.00000000001,340.87000115297775,-9.287155714108104
1,-0.1620968363903459,0,g,5.94858683916601,0,\N,"1,5",1,1100182716769,7657.0000000001255,20170.99999999986,340.82891995127903,-9.287464597589437
1,-0.16208765747075746,0,g,5.950096261954549,0,\N,"1,5",1,1100182716770,5995.999999999909,20178.999999999905,340.91540350656317,-9.28693868423653
0,-0.162088501092528,0,g,5.948689987955467,1,0.0,"1,5",0,1100182716771,7543.483446279606,20180.15396958192,340.83482994157674,-9.286987020203489
0,-0.1620839012451889,0,g,5.948967301502678,1,1.0,"1,5",0,1100182716772,7238.320030616573,20184.897521890936,340.85071883743376,-9.286723468364553
0,-0.1620839173336473,0,g,5.949920830728927,0,1.0,"1,5",0,1100182716773,6189.042624848829,20183.450736740924,340.9053520377402,-9.286724390165318
1,-0.16208608418299525,0,g,5.9492086797018215,1,\N,"1,5",1,1100182716774,6972.708763112538,20182.11711811253,340.86454878951116,-9.286848541487796
1,-0.16208243586948826,0,g,5.949985387834218,1,\N,"1,5",1,1100182716775,6117.999999999534,20184.99999999994,340.90905088741096,-9.286639508521505
0,-0.16208082104254234,0,g,5.948658168629602,0,1.0,"1,5",0,1100182716776,7578.486630815911,20188.76049114128,340.83300682849773,-9.28654698575286
0,-0.16207682569829587,0,g,5.94955201257162,1,1.0,"1,5",0,1100182716777,6594.886263976126,20191.92972205348,340.8842203139187,-9.286318069389836
1,-0.16208006825974405,0,g,5.949087542742144,1,\N,"1,5",1,1100182716778,7105.9999999999545,20189.00000000004,340.85760815297857,-9.286503854475628
1,-0.1620798677822027,0,g,5.948411233273419,1,\N,"1,5",1,1100182716779,7850.212923244742,20190.15350865495,340.81885847477594,-9.28649236795862
1,-0.16207667203450327,0,g,5.949505781073262,1,\N,"1,5",1,1100182716780,6645.759963703791,20192.171027641427,340.88157144418227,-9.286309265103055
0,-0.16207691712565708,0,g,5.9487803056735835,0,1.0,"1,5",0,1100182716781,7444.081114963603,20192.946034868768,340.8400047656401,-9.286323307791765
1,-0.16207707701312118,0,g,5.948433524741419,1,\N,"1,5",1,1100182716782,7825.679618607423,20193.235829844976,340.82013568181145,-9.286332468668654
0,-0.16207561925053096,0,g,5.948260109824732,0,0.0,"1,5",1,1100182716783,8016.50300152065,20195.08727555281,340.81019973898066,-9.286248945024703
1,-0.16207410134732625,0,g,5.949838951483808,1,\N,"1,5",1,1100182716784,6279.128422695445,20194.524612201516,340.9006607025652,-9.286161975577363
0,-0.16207115378134287,0,g,5.949970605841101,0,0.0,"1,5",1,1100182716785,6134.247850379565,20197.60311572143,340.9082039415926,-9.28599309248668
0,-0.1620664538389925,0,g,5.949888659906008,0,1.0,"1,5",0,1100182716786,6224.415580128831,20202.973414303127,340.9035087853635,-9.285723805626048
0,-0.16207189922613283,0,g,5.94914338025981,0,0.0,"1,5",0,1100182716787,7044.54363247473,20198.028026119544,340.86080740707934,-9.286035803327003
0,-0.1620824517375124,0,g,5.948501261561065,0,0.0,"1,5",0,1100182716788,7751.149484055502,20187.153314452673,340.8240167156948,-9.286640417692317
0,-0.16207186123250691,0,g,5.949585204969124,1,1.0,"1,5",0,1100182716789,6558.352911858916,20197.414629100494,340.88612209820764,-9.286033626452591
0,-0.1620716855835687,0,g,5.948826353929265,1,1.0,"1,5",0,1100182716790,7393.401863934101,20198.715407907035,340.8426431363446,-9.286023562509754
0,-0.1620625439626801,0,g,5.94838336088027,0,0.0,"1,5",1,1100182716791,7880.860114663821,20209.505969237387,340.8172615042836,-9.28549978621493
0,-0.16207320302201128,0,g,5.948289115582217,1,0.0,"1,5",0,1100182716792,7984.581925646684,20197.74390456123,340.8118616464661,-9.286110505328185
0,-0.16199227092260104,0,g,5.948877888694131,0,0.0,"1,5",1,1100182716793,7336.577595992518,20287.190461860744,340.84559586086965,-9.281473437604847
1,-0.1620704623339149,0,g,5.949308726660591,1,\N,"1,5",1,1100182716794,6862.592133483911,20199.388807489886,340.87028105800175,-9.285953475467302
0,-0.16206981030908527,0,g,5.949113347564194,1,1.0,"1,5",0,1100182716795,7077.588828206708,20200.400475624992,340.8590866603731,-9.285916117196425
1,-0.1620703454447762,0,g,5.949653679287666,1,\N,"1,5",1,1100182716796,6483.000000000644,20198.999999999804,340.8900453876651,-9.285946778212983
0,-0.1620699977225165,0,g,5.9497645347579216,1,0.0,"1,5",1,1100182716797,6361.011667238958,20199.2163915432,340.8963969382467,-9.28592685519506
0,-0.16206462703660368,0,g,5.949614130281226,0,0.0,"1,5",0,1100182716798,6526.511471612008,20205.436616571842,340.8877793965122,-9.285619137559165
0,-0.16206908168067197,0,g,5.9487247798225615,0,0.0,"1,5",1,1100182716799,7505.170846476751,20201.758876927277,340.83682336872266,-9.28587436986351
0,-0.16206050502579103,0,g,5.949746806321473,0,1.0,"1,5",0,1100182716801,6380.50516700618,20209.828303793296,340.89538117366084,-9.285382963736492
0,-0.16204709412848411,0,g,5.949536549092295,0,0.0,"1,5",0,1100182716802,6611.855860599804,20225.103846122485,340.88333432181685,-9.284614575921323
0,-0.1620588401594009,0,g,5.949433343394386,0,1.0,"1,5",0,1100182716803,6725.443900242508,20212.162407562202,340.8774210709049,-9.285287573918884
0,-0.16206274278452903,0,g,5.949689857624972,1,1.0,"1,5",0,1100182716804,6443.176441984413,20207.421299637223,340.89211825370256,-9.285511177867749
0,-0.1620608070790999,0,g,5.949815637808708,0,1.0,"1,5",0,1100182716805,6304.761773923701,20209.384264425622,340.899324927377,-9.285400270116279
1,-0.16203039740084077,0,g,5.949999849380942,0,\N,"1,5",0,1100182716806,6101.9999999997035,20242.999999999967,340.90987947300346,-9.28365792389568
1,-0.16205764759634564,0,g,5.948356873695281,1,\N,"1,5",0,1100182716807,7909.999999999501,20214.999999999935,340.81574390037247,-9.285219245089015
0,-0.16205953352982702,0,g,5.949847087754615,1,0.0,"1,5",0,1100182716808,6270.151369898485,20210.754990893864,340.9011268765434,-9.28532730111794
0,-0.16206051112427458,0,g,5.948585046541032,1,1.0,"1,5",0,1100182716809,7658.921921213732,20211.50475868208,340.8288172414335,-9.285383313153861
0,-0.16205687935094848,0,g,5.94907963426999,0,1.0,"1,5",0,1100182716811,7114.668089846886,20214.866865962085,340.85715503090177,-9.285175227870127
0,-0.1620682345115337,0,g,5.949281719146341,0,1.0,"1,5",0,1100182716813,6892.308194824398,20201.912575769416,340.8687336414201,-9.285825830647354
1,-0.162059999020844,0,g,5.949131686088463,1,\N,"1,5",1,1100182716814,7057.39423087915,20211.313589023706,340.86013738041623,-9.285353971788615
1,-0.16205757066300455,0,g,5.948422304252708,0,\N,"1,5",1,1100182716815,7837.999999999689,20214.999999999993,340.81949279516425,-9.285214837133267
1,-0.1620599671869553,0,g,5.949370136191553,0,\N,"1,5",0,1100182716817,6794.999999999705,20211.000000000295,340.8737995649478,-9.285352147841147
1,-0.1620515299214972,0,g,5.948961187965882,0,\N,"1,5",0,1100182716818,7244.999999999904,20221.00000000001,340.85036855757744,-9.284868728139767
0,-0.16205343609538164,0,g,5.9486769178763454,1,1.0,"1,5",0,1100182716819,7557.816256380485,20219.268974953884,340.8340810812052,-9.284977943858364
1,-0.16201835179594962,0,g,5.948213242174428,0,\N,"1,5",0,1100182716821,8068.000000000148,20259.000000000135,340.8075144204226,-9.282967761573735
1,-0.16204912290467346,0,g,5.950075302489466,1,\N,"1,5",1,1100182716822,6019.000000000135,20221.999999999898,340.9142026176731,-9.28473081623455
1,-0.16205051280878074,0,g,5.949399567678813,1,\N,"1,5",1,1100182716823,6762.598459042276,20221.49782675208,340.87548586495257,-9.284810451873824
0,-0.16203872978844258,0,g,5.948252067181589,0,0.0,"1,5",0,1100182716825,8025.30389142157,20236.228959502845,340.8097389294725,-9.284135334538531
1,-0.16204838431523577,0,g,5.949307306945221,1,\N,"1,5",1,1100182716826,6864.12067139061,20224.007830249815,340.870199714303,-9.284688498176976
0,-0.1620506300541202,0,g,5.9495620359285954,1,0.0,"1,5",0,1100182716828,6583.8151254653585,20221.122631077098,340.88479460996996,-9.284817169536943
0,-0.162047202679172,0,g,5.948302797721091,1,1.0,"1,5",0,1100182716829,7969.49121288893,20226.716288234595,340.81264557527834,-9.284620795417602
1,-0.1620465305751841,0,g,5.948457346543386,1,\N,"1,5",1,1100182716830,7799.424233630229,20227.26333683419,340.82150057052456,-9.2845822866957
0,-0.16204197030029585,0,g,5.949486153331817,0,1.0,"1,5",0,1100182716831,6667.304488281501,20230.893011850763,340.8804468574361,-9.284321002191184
1,-0.1620410275626734,0,g,5.950091647387711,1,\N,"1,5",1,1100182716832,6000.999999999443,20231.000000000062,340.91513911135905,-9.284266987304232
0,-0.16203982563084282,0,g,5.949715169217776,1,1.0,"1,5",0,1100182716833,6415.286241497339,20232.934862311857,340.89356850114297,-9.284198121683076
1,-0.16203413328846195,0,g,5.9487982896782,1,\N,"1,5",1,1100182716834,7424.230065686152,20240.624855120986,340.84103517320335,-9.283871974489108
0,-0.16204418519129116,0,g,5.948609971439723,1,0.0,"1,5",1,1100182716835,7631.47160017971,20229.674436748195,340.83024533293326,-9.284447906097299
0,-0.16203321453175884,0,g,5.949000964132997,0,0.0,"1,5",1,1100182716836,7201.202857607495,20241.365240933763,340.8526475640784,-9.283819333607621
1,-0.16203739932460748,0,g,5.950119812543899,1,\N,"1,5",1,1100182716837,5969.999999999176,20235.00000000013,340.91675285593794,-9.284059104575984
0,-0.16203668995460768,0,g,5.9489083447260915,1,1.0,"1,5",0,1100182716838,7303.1277280338545,20237.620863984015,340.8473408629617,-9.284018460668882
0,-0.16203490148008476,0,g,5.949578060738813,1,1.0,"1,5",0,1100182716839,6566.156239156953,20238.635621194175,340.88571276396294,-9.283915988626953
1,-0.16202977098902546,0,g,5.949174832476989,0,\N,"1,5",1,1100182716840,7009.869896309061,20244.955313036044,340.86260948638,-9.283622033142425
0,-0.16203631534714394,0,g,5.948933505710302,0,1.0,"1,5",0,1100182716841,7275.439679061585,20238.00319346035,340.84878248116536,-9.283996997242236
1,-0.16202456428345738,0,g,5.949683601353443,0,\N,"1,5",1,1100182716842,6449.999999999214,20250.000000000015,340.89175979574844,-9.283323710888206
0,-0.16197381236317845,0,g,5.949249689526493,0,1.0,"1,5",0,1100182716843,6927.410758065702,20307.239970432318,340.8668984793834,-9.28041584005404
1,-0.16203467199610105,0,g,5.948746087254559,1,\N,"1,5",1,1100182716845,7481.675013271866,20240.096174151484,340.8380441946484,-9.28390284016322
1,-0.16202404633310094,0,g,5.950050728736619,0,\N,"1,5",1,1100182716847,6045.9999999991,20249.999999999913,340.91279464534813,-9.283294034518786
1,-0.1620312203883014,0,g,5.94981553315327,1,\N,"1,5",1,1100182716848,6304.828959686089,20242.37364577489,340.8993189310621,-9.283705077603766
1,-0.16202702420340565,0,g,5.948970434227799,1,\N,"1,5",1,1100182716849,7234.789373553256,20248.310673763805,340.85089832936154,-9.283464653919182
0,-0.16202753485235902,0,g,5.948324490889796,1,1.0,"1,5",0,1100182716850,7945.593501506623,20248.617559477636,340.8138885022894,-9.283493911949025
1,-0.16203013621513085,0,g,5.949211159039203,1,\N,"1,5",1,1100182716851,6969.895971530104,20244.495289243892,340.8646908450791,-9.283642959056833
0,-0.16201715582007403,0,g,5.948464281872201,0,1.0,"1,5",0,1100182716852,7791.752235287855,20260.006729111905,340.8218979355952,-9.282899237203663
1,-0.1620265677160242,0,g,5.949868166512655,1,\N,"1,5",1,1100182716853,6246.901966806086,20247.47882471105,340.90233460041645,-9.283438499118825
0,-0.16202428368776967,0,g,5.950027256585911,1,0.0,"1,5",1,1100182716854,6071.830004788249,20249.772987824137,340.91144979017645,-9.283307633939552
0,-0.1620258872390177,0,g,5.9497313972334425,1,1.0,"1,5",0,1100182716855,6397.406096941664,20248.451071406078,340.8944982979505,-9.283399510658297
0,-0.1619924763516935,0,g,5.948544784846295,0,1.0,"1,5",0,1100182716857,7703.131633702047,20287.416965074197,340.82651041624905,-9.281485207824833
0,-0.1620181457195222,0,g,5.948410479153967,0,1.0,"1,5",0,1100182716858,7850.958627063585,20258.973976178255,340.8188152669141,-9.282955954264185
0,-0.16202378671422643,0,g,5.949296314989075,0,1.0,"1,5",0,1100182716859,6876.1788852477275,20251.450280019308,340.8695699216072,-9.283279159452995
0,-0.1620239836295258,0,g,5.948629755860212,0,0.0,"1,5",0,1100182716863,7609.672319180145,20252.17226724581,340.8313788967274,-9.28329044186857
1,-0.16202331719332927,0,g,5.949933501339613,1,\N,"1,5",1,1100182716864,6175.0000000003965,20250.999999999916,340.90607801025635,-9.283252257887193
1,-0.1620241968676825,0,g,5.949105131489065,1,\N,"1,5",1,1100182716865,7086.561884949908,20251.27108378707,340.8586159139441,-9.28330265951498
0,-0.16201951504273138,0,g,5.949621913651777,1,1.0,"1,5",0,1100182716870,6517.874937426295,20255.72459609884,340.88822535079515,-9.283034410704861
0,-0.1620109531620016,0,g,5.949147306434592,0,1.0,"1,5",0,1100182716871,7040.131887994885,20265.976969271156,340.861032360324,-9.282543851074351
1,-0.1620177058476095,0,g,5.948755766186593,1,\N,"1,5",1,1100182716872,7470.999999999474,20258.999999999967,340.8385987566041,-9.282930751460063
1,-0.16201851874581846,0,g,5.949513658896363,1,\N,"1,5",1,1100182716873,6636.999999999991,20257.000000000102,340.88202281019767,-9.28297732709661
0,-0.16201528287456268,0,g,5.94859219156207,1,1.0,"1,5",0,1100182716875,7650.996349988272,20261.924249301126,340.82922662098355,-9.282791925330606
0,-0.16201098098454556,0,g,5.9487018282208,1,1.0,"1,5",0,1100182716876,7530.34458976231,20266.572116170893,340.83550833880867,-9.282545445188696
0,-0.1620010747359399,0,g,5.949466998154183,0,1.0,"1,5",0,1100182716877,6688.319586896787,20276.52033113899,340.8793493466018,-9.281977858952782
1,-0.1620117618629632,0,g,5.949199225651198,1,\N,"1,5",1,1100182716878,6983.00000000024,20264.9999999999,340.8640071123111,-9.28259018622634
0,-0.1620074971713303,0,g,5.949428187611734,1,1.0,"1,5",0,1100182716880,6731.0378206048335,20269.41747611547,340.8771256663189,-9.28234583739485
0,-0.16201053088427142,0,g,5.948656254737049,1,0.0,"1,5",1,1100182716881,7580.4936950939045,20267.136046694573,340.832897170532,-9.282519656342629
1,-0.16200703162605065,0,g,5.948683961333864,1,\N,"1,5",1,1100182716883,7549.999999999296,20271.00000000009,340.8344846415942,-9.282319163615153
0,-0.16200368409081914,0,g,5.9493588561253485,1,0.0,"1,5",1,1100182716884,6807.326241226152,20273.77227652914,340.87315326476164,-9.282127363974617
0,-0.1620014012733357,0,g,5.948287747946568,0,1.0,"1,5",0,1100182716885,7985.990624016742,20277.80383583581,340.8117832867156,-9.281996568167417
0,-0.16200236290579556,0,g,5.94897472031981,1,0.0,"1,5",0,1100182716886,7230.036710911279,20275.801829700522,340.8511439043444,-9.282051665648808
1,-0.16200170106383216,0,g,5.948580470097695,1,\N,"1,5",1,1100182716887,7663.875859747677,20277.083626319287,340.8285550305451,-9.2820137448976
0,-0.16200242692903516,0,g,5.948267308145078,0,0.0,"1,5",1,1100182716888,8008.484162918274,20276.68662200612,340.8106121723561,-9.282055333910229
0,-0.1619973666851766,0,g,5.949315479662059,0,1.0,"1,5",0,1100182716889,6855.049224233195,20280.880314720354,340.8706679764849,-9.281765403293827
0,-0.16198520927177285,0,g,5.949192468278012,0,1.0,"1,5",0,1100182716890,6990.395957682949,20294.615876742202,340.863619943347,-9.281068834815995
0,-0.1619979502334541,0,g,5.948738776007306,0,1.0,"1,5",0,1100182716891,7489.668122763387,20281.050716574355,340.8376252910378,-9.28179883814727
0,-0.16199006510156583,0,g,5.949977534578877,0,1.0,"1,5",0,1100182716893,6126.489366081865,20288.006250998107,340.9086009290245,-9.281347053369167
1,-0.16200101203745393,0,g,5.9484694890713685,1,\N,"1,5",1,1100182716895,7786.000000000087,20277.999999999876,340.8221962861306,-9.281974266594155
0,-0.16198927938286414,0,g,5.9499180338146305,0,1.0,"1,5",0,1100182716896,6191.965157125867,20288.976761107595,340.9051917863554,-9.281302035003677
0,-0.16199465970124158,0,g,5.949633807922551,0,1.0,"1,5",0,1100182716898,6504.746653842178,20283.42011212658,340.88890684231086,-9.28161030453914
0,-0.16199419318879316,0,g,5.948372833195425,0,1.0,"1,5",0,1100182716899,7892.352096344363,20285.73016381597,340.8166583123739,-9.281583575344754
1,-0.1619919749439593,0,g,5.948467314625055,0,\N,"1,5",1,1100182716901,7788.380377536474,20288.07915613155,340.82207169953404,-9.281456479277848
0,-0.16199103207953403,0,g,5.9499566715504635,1,1.0,"1,5",0,1100182716902,6149.4494986299815,20286.961249307107,340.9074055655485,-9.281402457125626
0,-0.16200816228897583,0,g,5.948941470457144,0,1.0,"1,5",0,1100182716904,7266.634031621883,20269.38248084468,340.84923882754424,-9.282383945828817
1,-0.16198704605407824,0,g,5.950008409773167,1,\N,"1,5",1,1100182716905,6092.508007128905,20291.323253418188,340.91036994734895,-9.281174074689979
1,-0.1619887780303109,0,g,5.948193213997809,0,\N,"1,5",0,1100182716909,8089.999999999067,20292.00000000023,340.8063668904309,-9.281273309618326
0,-0.16198074602459825,0,g,5.948821023579853,0,1.0,"1,5",0,1100182716910,7399.136588504145,20300.119813958423,340.84233772982,-9.280813109589968
1,-0.16198368391466744,0,g,5.950053393840471,1,\N,"1,5",1,1100182716911,6042.999999999593,20295.0,340.9129473445508,-9.280981438291606
0,-0.161981727790245,0,g,5.948474429943263,0,0.0,"1,5",0,1100182716912,7780.536486781581,20299.495212263228,340.82247937723724,-9.280869360617997
0,-0.16198172069690311,0,g,5.949391407037675,1,1.0,"1,5",0,1100182716913,6771.472403092663,20298.21307344021,340.87501829465725,-9.280868954199445
0,-0.16198128420617372,0,g,5.9489162692408115,1,1.0,"1,5",0,1100182716914,7294.326803950287,20299.386835523652,340.8477949042098,-9.280843945122854
0,-0.16198469117134076,0,g,5.948983770625543,1,0.0,"1,5",0,1100182716917,7220.051608900292,20295.492917182262,340.8516624486662,-9.281039149847873
0,-0.16194734440518405,0,g,5.948431398701704,0,0.0,"1,5",1,1100182716919,7827.841783879169,20337.889241916022,340.8200138687087,-9.278899337768632
1,-0.1619813914617996,0,g,5.94837586362918,1,\N,"1,5",1,1100182716920,7889.0000000005075,20299.99999999995,340.81683194343816,-9.280850090417545
0,-0.16193957079027177,0,g,5.948651073878073,0,1.0,"1,5",0,1100182716921,7586.094925570396,20346.263047731707,340.8326003291785,-9.278453942442598
0,-0.16196410468318817,0,g,5.949767903873172,0,1.0,"1,5",0,1100182716922,6357.13342099578,20317.282074388102,340.8965899743313,-9.279859630961733
0,-0.16197550629988117,0,g,5.948683952223706,1,1.0,"1,5",0,1100182716923,7549.9654685942005,20306.150516542788,340.8344841196206,-9.280512895477868
0,-0.1619646273064263,0,g,5.949356816703564,0,1.0,"1,5",0,1100182716924,6809.510438595216,20317.323548641813,340.87303641450075,-9.279889575067553
0,-0.16197285436795564,0,g,5.948326265182052,0,0.0,"1,5",0,1100182716925,7943.5673770076155,20309.583428271195,340.8139901617473,-9.28036095097098
1,-0.1619715917721052,0,g,5.949725325926112,1,\N,"1,5",1,1100182716926,6403.999999999767,20309.000000000015,340.89415043766434,-9.28028860955752
1,-0.16197082423817846,0,g,5.948630319506523,1,\N,"1,5",1,1100182716927,7608.977468144343,20311.443804407136,340.8314111912822,-9.280244633102884
1,-0.16196755667686216,0,g,5.949931743422809,1,\N,"1,5",1,1100182716929,6176.842854502129,20313.175954530525,340.90597728904277,-9.280057415630159
1,-0.161958862363723,0,g,5.949830722829218,0,\N,"1,5",1,1100182716930,6287.996225252822,20323.029248718012,340.9001892353861,-9.27955926818152
0,-0.16194348597069844,0,g,5.948364646788177,0,1.0,"1,5",0,1100182716931,7901.291839000559,20342.27891412371,340.81618926578915,-9.278678265757078
1,-0.16196032895185092,0,g,5.950018884728147,1,\N,"1,5",1,1100182716932,6080.936591920865,20321.096195381117,340.9109701180599,-9.279643297491534
1,-0.16195680155760797,0,g,5.949389983910402,0,\N,"1,5",1,1100182716933,6772.999999999278,20326.000000000065,340.8749367554708,-9.279441192688735
0,-0.16195849082737585,0,g,5.949206142499481,1,1.0,"1,5",0,1100182716934,6975.308125904658,20324.386980371502,340.8644034185253,-9.279537980716892
0,-0.16194136311369411,0,g,5.94887896740716,0,0.0,"1,5",0,1100182716935,7335.316778645245,20343.950875024337,340.8456576665735,-9.27855663501022
1,-0.1619648342443727,0,g,5.9500642699649395,0,\N,"1,5",1,1100182716936,6031.0000000003,20315.999999999956,340.9135705005803,-9.279901431738503
1,-0.16196882213057964,0,g,5.949114654429457,0,\N,"1,5",1,1100182716939,7075.999999999873,20312.999999999938,340.8591615382371,-9.28012992078734
1,-0.16195822879184824,0,g,5.949039735725423,1,\N,"1,5",1,1100182716940,7158.427067665436,20324.91883714992,340.85486901268933,-9.279522967187077
1,-0.16195034803563998,0,g,5.948593082617262,0,\N,"1,5",1,1100182716941,7649.925132029246,20334.324868775126,340.82927767468533,-9.279071433116973
1,-0.1619322158538617,0,g,5.948244944298087,0,\N,"1,5",0,1100182716942,8032.999999999843,20355.00000000017,340.80933081830983,-9.278032535627714
1,-0.161954067535198,0,g,5.948761103940952,1,\N,"1,5",1,1100182716943,7465.035408285919,20329.94894214499,340.838904587401,-9.279284544743549
1,-0.161951871234884,0,g,5.948310397697585,1,\N,"1,5",1,1100182716946,7961.000000000167,20333.000000000065,340.81308102185585,-9.279158706005013
0,-0.16195566523795674,0,g,5.949868090077311,0,1.0,"1,5",0,1100182716947,6246.870412509925,20326.53541360888,340.90233022099386,-9.27937608636854
1,-0.16194623393888594,0,g,5.949074316177796,1,\N,"1,5",1,1100182716948,7120.355855784279,20338.243647655872,340.856850326664,-9.278835712736457
0,-0.1619434105943284,0,g,5.949661954831648,1,0.0,"1,5",0,1100182716949,6473.6911618680715,20340.519753445835,340.8905195414085,-9.2786739470092
0,-0.1619417908027355,0,g,5.949697163621744,0,1.0,"1,5",1,1100182716954,6434.943247861831,20342.27163688559,340.8925368564827,-9.278581139787235
0,-0.161943185124589,0,g,5.948490295054775,1,1.0,"1,5",1,1100182716955,7763.025146372038,20342.44889644742,340.8233883811684,-9.278661028544724
0,-0.16193664070207817,0,g,5.949108436936961,0,1.0,"1,5",0,1100182716957,7082.7939158259105,20348.89112135616,340.8588053021579,-9.278286060755503
0,-0.16193139520905434,0,g,5.949936535667277,0,0.0,"1,5",0,1100182716960,6171.50980619218,20353.488539314378,340.90625186442514,-9.277985516143772
0,-0.16193648186862536,0,g,5.9492434286298925,1,0.0,"1,5",0,1100182716961,6934.243838405426,20348.87253745723,340.86653975643225,-9.278276960269013
1,-0.1619287332766691,0,g,5.949274309833487,1,\N,"1,5",1,1100182716963,6900.249184361488,20357.466982726204,340.86830911906446,-9.277832998652748
0,-0.16186646456544218,0,g,5.949588429201877,0,0.0,"1,5",0,1100182716965,6554.480406373023,20426.427106326904,340.88630683313653,-9.274265264303727
0,-0.16192390782632915,0,g,5.948610520991782,0,1.0,"1,5",0,1100182716966,7630.698500580889,20363.781998246453,340.8302768199469,-9.27755652071402
0,-0.1619241885565148,0,g,5.949670192803755,0,1.0,"1,5",0,1100182716968,6464.595074628625,20361.939697015318,340.89099154244195,-9.27757260536884
1,-0.16192684306433006,0,g,5.949413249482589,1,\N,"1,5",1,1100182716969,6747.3513369151115,20359.369034010462,340.87626977456506,-9.277724697463338
0,-0.1619245561792705,0,g,5.949023875616857,1,1.0,"1,5",0,1100182716970,7175.830315415544,20362.486246990724,340.8539602954059,-9.277593668601195
0,-0.16192494483968128,0,g,5.948903435111267,1,1.0,"1,5",0,1100182716971,7308.367886140821,20362.222933327637,340.84705956275315,-9.277615937202397
0,-0.16192249852768453,0,g,5.949445784285484,0,1.0,"1,5",0,1100182716972,6711.541887176105,20364.16456741211,340.87813388145827,-9.27747577384961
1,-0.16192526918470998,0,g,5.948803809244593,0,\N,"1,5",0,1100182716973,7417.999999999411,20362.000000000004,340.8413514210624,-9.277634520803646
0,-0.1619260353881973,0,g,5.948471329657096,1,0.0,"1,5",1,1100182716974,7783.87156116101,20361.59585803375,340.8223017439246,-9.277678421029718
1,-0.1619206004150956,0,g,5.9482067631391775,0,\N,"1,5",0,1100182716975,8074.999999999729,20368.00000000001,340.8071431990474,-9.277367020009223
1,-0.1619210110239332,0,g,5.948945367894373,1,\N,"1,5",1,1100182716979,7262.217845271445,20366.550209654615,340.84946213424837,-9.277390546162648
1,-0.1619174157055561,0,g,5.949480517507864,1,\N,"1,5",1,1100182716980,6673.311973721067,20369.779799157426,340.8801239485095,-9.277184549593635
1,-0.16191589155838595,0,g,5.949806261858198,1,\N,"1,5",1,1100182716981,6314.844550618036,20370.98006897945,340.89878772498383,-9.27709722239343
0,-0.16190916356733237,0,g,5.9495214514327825,0,1.0,"1,5",0,1100182716982,6628.25345878478,20378.91924513138,340.8824692896462,-9.276711736901456
0,-0.1619114266544279,0,g,5.949365401312378,0,1.0,"1,5",0,1100182716983,6799.98176979024,20376.629482867753,340.87352827635453,-9.2768414022407
0,-0.1619175964193435,0,g,5.948413734911964,0,1.0,"1,5",0,1100182716984,7847.238850859872,20371.081221473363,340.8190018081064,-9.277194903730953
1,-0.16190345896049527,0,g,5.950019242884081,0,\N,"1,5",1,1100182716985,6080.448102987415,20384.50593811042,340.91099063888333,-9.276384887005909
0,-0.1619119665579261,0,g,5.9492835063801595,0,1.0,"1,5",0,1100182716986,6890.103387601497,20376.14834571914,340.8688360423749,-9.276872336432493
0,-0.16188608186767817,0,g,5.948685952331059,0,1.0,"1,5",0,1100182716987,7547.638086330406,20405.855415784874,340.8345987173305,-9.275389252927283
1,-0.16191246190997347,0,g,5.949461249033984,1,\N,"1,5",1,1100182716988,6694.5081706198325,20375.3322170119,340.8790199462785,-9.27690071801418
0,-0.16184075814509163,0,g,5.949241551186585,0,0.0,"1,5",0,1100182716990,6936.164731165905,20455.607054765736,340.8664321868544,-9.272792394911253
1,-0.16191151332059087,0,g,5.948973477517615,1,\N,"1,5",1,1100182716991,7231.271072369214,20377.10044323468,340.8510726970239,-9.276846367846066
0,-0.1619057811699858,0,g,5.949630433004,1,1.0,"1,5",0,1100182716992,6508.319427124867,20382.52493592845,340.8887134737217,-9.276517939808862
1,-0.16190787202514004,0,g,5.948800614123934,1,\N,"1,5",1,1100182716993,7421.491053189195,20381.402150786238,340.84116835413363,-9.276637736984773
1,-0.1618927531059045,0,g,5.948542092774861,0,\N,"1,5",1,1100182716994,7705.955692630938,20398.61117211485,340.8263561719177,-9.275771486721778
0,-0.16190048677666974,0,g,5.949973957005365,1,1.0,"1,5",0,1100182716996,6130.2783976334995,20387.892163405122,340.90839594916133,-9.27621459341677
0,-0.16186884444560107,0,g,5.949880968864149,0,1.0,"1,5",0,1100182716997,6232.5561633224315,20423.320651092967,340.90306812112493,-9.27440162139258
0,-0.16190290542019212,0,g,5.948375097873314,1,0.0,"1,5",1,1100182716998,7889.736183638627,20387.512194857896,340.8167880688589,-9.276353171482748
0,-0.16189973730414206,0,g,5.949067771068627,0,1.0,"1,5",0,1100182716999,7127.489310466821,20390.09659173533,340.85647531953214,-9.276171651804072
1,-0.16190083264747163,0,g,5.9489789695981266,1,\N,"1,5",1,1100182717000,7225.211702149196,20389.001582738987,340.8513873700579,-9.276234410353975
1,-0.161920851631973,0,g,5.950089647313852,0,\N,"1,5",1,1100182717001,6003.000000000138,20364.999999999996,340.9150245155682,-9.277381413676041
0,-0.16189783917762152,0,g,5.949765917183144,1,1.0,"1,5",0,1100182717002,6359.212803539469,20391.171365556445,340.89647614537745,-9.276062897165463
0,-0.16190505906507185,0,g,5.948399095038702,0,1.0,"1,5",0,1100182717004,7863.331910941355,20385.07947919712,340.81816300515584,-9.276476566244927
0,-0.16189935182207957,0,g,5.950004424242232,0,1.0,"1,5",0,1100182717005,6096.748594950326,20389.109092138176,340.91014159324726,-9.276149565308813
0,-0.16189789777353586,0,g,5.948995529534588,1,1.0,"1,5",0,1100182717007,7206.984165271202,20392.25050953092,340.85233618452617,-9.276066254464052
1,-0.161899881377998,0,g,5.948285798293657,1,\N,"1,5",0,1100182717008,7988.000000000075,20390.99999999972,340.81167157983225,-9.276179906627956
0,-0.16189817869328052,0,g,5.948576438670184,1,0.0,"1,5",1,1100182717009,7668.167838253048,20392.515665393214,340.8283240467633,-9.276082349979802
0,-0.16189317343107149,0,g,5.949848387304156,1,1.0,"1,5",0,1100182717010,6268.450524405778,20396.24493407843,340.9012013352474,-9.275795569579868
0,-0.16189501656567043,0,g,5.949940253168245,1,1.0,"1,5",0,1100182717012,6167.359046875152,20394.04498982656,340.906464861541,-9.275901173413462
0,-0.16188509734544648,0,g,5.948884423505672,0,1.0,"1,5",0,1100182717015,7329.231118800553,20406.679294310234,340.84597027799083,-9.27533284395857
0,-0.16188788201840593,0,g,5.94991968259271,1,1.0,"1,5",0,1100182717019,6189.984397786975,20402.03260356382,340.90528625438066,-9.27549239396647
0,-0.16189196317019233,0,g,5.949451455809564,1,1.0,"1,5",0,1100182717020,6705.25321945748,20398.20299049686,340.8784588358514,-9.275726226739383
0,-0.16189335284574852,0,g,5.949351902944539,1,1.0,"1,5",0,1100182717021,6814.808210103403,20396.801762928055,340.872754876847,-9.275805849283646
0,-0.16188962232275644,0,g,5.949545324600387,1,0.0,"1,5",0,1100182717022,6601.9515562298075,20400.671632493388,340.8838371213936,-9.275592106060824
1,-0.16189833977825513,0,g,5.9497925669138425,0,\N,"1,5",1,1100182717024,6329.886788742615,20390.57171974357,340.8980030624716,-9.276091579468991
1,-0.1618820111096923,0,g,5.94822761755195,0,\N,"1,5",0,1100182717025,8051.999999999303,20410.99999999981,340.80833806888353,-9.275156015675273
0,-0.16188738398006502,0,g,5.948272978057263,0,0.0,"1,5",1,1100182717026,8002.091042312565,20404.951016844472,340.8109370343945,-9.2754638584715
0,-0.1618397834008356,0,g,5.948297791146561,0,0.0,"1,5",1,1100182717027,7974.722047024389,20457.99317788116,340.81235871968795,-9.272736546179278
1,-0.16188297596693507,0,g,5.94942183541772,1,\N,"1,5",1,1100182717028,6737.835046998609,20408.268015713147,340.8767617124112,-9.275211297923116
1,-0.1618889756947728,0,g,5.948408464099212,0,\N,"1,5",0,1100182717029,7852.999999999639,20402.999999999956,340.8186998127811,-9.275555057006446
0,-0.16186108218560175,0,g,5.949983061090244,0,1.0,"1,5",0,1100182717032,6120.194617516592,20431.81398667468,340.90891757480125,-9.273956876655134
1,-0.1618778678810724,0,g,5.949286812830833,1,\N,"1,5",1,1100182717034,6886.41284830589,20414.163462119526,340.86902548804363,-9.274918626161794
0,-0.16187565423292516,0,g,5.9484786992473415,1,1.0,"1,5",0,1100182717035,7775.692560588004,20417.7606625486,340.8227239903424,-9.274791793465631
1,-0.16186873956822137,0,g,5.94951617188494,0,\N,"1,5",0,1100182717036,6633.999999998601,20423.99999999995,340.88216679383714,-9.274395612361356
0,-0.16187748208814903,0,g,5.949015070972461,1,1.0,"1,5",0,1100182717037,7185.449865074284,20414.986192197837,340.8534558264419,-9.27489652185552
1,-0.16187731041549447,0,g,5.948528929379575,1,\N,"1,5",1,1100182717038,7720.419759418826,20415.847233238583,340.82560196492375,-9.274886685736956
0,-0.16187515967978947,0,g,5.949225626219486,1,0.0,"1,5",1,1100182717041,6953.741501090364,20417.272637385777,340.86551975345077,-9.27476345765821
1,-0.16188609690441366,0,g,5.948566579853143,0,\N,"1,5",1,1100182717042,7679.0000000000455,20405.999999999975,340.8277591781559,-9.275390114468763
1,-0.16187200020024475,0,g,5.949754259447452,1,\N,"1,5",1,1100182717043,6371.999999999409,20420.000000000164,340.89580820632364,-9.27458243281484
1,-0.16185983669612544,0,g,5.948437547655778,0,\N,"1,5",1,1100182717045,7820.955625470497,20435.45147626108,340.8203661778256,-9.273885515364714
1,-0.16187957911398204,0,g,5.9494589381573295,0,\N,"1,5",1,1100182717046,6696.999999999945,20411.99999999999,340.87888754279925,-9.27501667258528
0,-0.1618619874137976,0,g,5.949340889018683,0,1.0,"1,5",0,1100182717047,6826.880337108618,20431.790486094018,340.8721238253796,-9.274008742410253
1,-0.16187797080956914,0,g,5.949319902029649,0,\N,"1,5",0,1100182717048,6849.999999999773,20414.000000000025,340.8709213594833,-9.27492452353025
0,-0.1618665765903033,0,g,5.948602121509724,0,1.0,"1,5",1,1100182717049,7639.861374709137,20427.717236000775,340.8297955650749,-9.27427168285547
1,-0.16186250743432232,0,g,5.950123180735599,0,\N,"1,5",1,1100182717053,5966.000000000211,20430.000000000036,340.916945839107,-9.27403853739158
0,-0.16186156731358856,0,g,5.949436844767921,0,0.0,"1,5",1,1100182717054,6721.284764399987,20432.116239051873,340.87762168483096,-9.273984672441303
1,-0.1618623195892753,0,g,5.948193061961297,0,\N,"1,5",0,1100182717055,8089.999999999511,20433.00000000003,340.8063581793805,-9.274027774663184
1,-0.16185865632371924,0,g,5.949252401881074,0,\N,"1,5",1,1100182717057,6924.251191390147,20435.634754235438,340.8670538858534,-9.273817885007585
1,-0.1618572571062775,0,g,5.949795739891398,1,\N,"1,5",1,1100182717058,6326.328596941192,20436.3740845977,340.898184860694,-9.273737715753551
1,-0.16186009830556683,0,g,5.949270806474853,1,\N,"1,5",1,1100182717059,6904.000000000466,20433.999999999945,340.86810839140065,-9.273900504481587
1,-0.1618602454241434,0,g,5.949158125666611,0,\N,"1,5",0,1100182717060,7027.999999999358,20433.999999999905,340.86165225665627,-9.273908933755113
0,-0.16185722061996616,0,g,5.9484617859808235,1,0.0,"1,5",0,1100182717063,7794.27923612331,20438.336382613303,340.82175493155313,-9.273735625241903
0,-0.1618524296281711,0,g,5.950038765426739,0,0.0,"1,5",0,1100182717065,6058.879505608309,20441.37267556963,340.912109198183,-9.273461121632364
1,-0.16185089237882197,0,g,5.948752823768023,0,\N,"1,5",1,1100182717067,7473.999999999318,20445.000000000106,340.83843016843855,-9.2733730437326
1,-0.16185440804919424,0,g,5.950142251147648,1,\N,"1,5",1,1100182717068,5944.999999999738,20438.999999999964,340.91803849323094,-9.27357447680709
0,-0.16185609029171552,0,g,5.949294795853785,1,1.0,"1,5",0,1100182717069,6877.594704854198,20438.433717258897,340.86948288156657,-9.273670862203677
0,-0.16185740913039848,0,g,5.948570923849632,1,0.0,"1,5",1,1100182717070,7674.179760482733,20437.980831187255,340.8280080708209,-9.27374642609407
1,-0.16185452815212423,0,g,5.949135071155101,1,\N,"1,5",1,1100182717071,7053.361791794085,20440.408028471924,340.860331330448,-9.273581358198085
1,-0.16185500140933864,0,g,5.9482530871008015,0,\N,"1,5",1,1100182717072,8023.93646910139,20441.082870558865,340.80979736653876,-9.273608473839095
